{
  "project_info": {
    "project_number": "367392287528",
    "project_id": "kopi-sarjana",
    "storage_bucket": "kopi-sarjana.firebasestorage.app"
  },
  "client": [
    {
      "client_info": {
        "mobilesdk_app_id": "1:367392287528:android:ffce18ea291721fea8be1d",
        "android_client_info": {
          "package_name": "com.example.kopisarjana"
        }
      },
      "oauth_client": [],
      "api_key": [
        {
          "current_key": "AIzaSyBnxCopzvGVTyuxfNJQAiQwCEU-xoOftF0"
        }
      ],
      "services": {
        "appinvite_service": {
          "other_platform_oauth_client": []
        }
      }
    }
  ],
  "configuration_version": "1"
}